{
	"jointDisplacements": [
		[
			[ 0.00000, 0.00000, 0.00000],
			[-0.00395,-0.29412,-0.00098],
			[-0.00790,-0.01820, 0.00356],
			[ 0.12417, 0.02827,-0.00083],
			[ 0.00000, 0.00000, 0.00000]
		],
		[
			[ 0.00000, 0.00000, 0.00000],
			[ 0.00027,-0.01692, 0.00067],
			[ 0.00055, 0.00422, 0.00051],
			[ 0.01854, 0.00744,-0.00014],
			[ 0.00000, 0.00000, 0.00000]
		]
		],
	"loadCase  1": [
		[  11.2304,  30.6970,1828.8298, -11.2304,  -5.6920, 900.3391],
		[  11.2304,   5.6920,-900.3391, -11.2304,  19.3130,-121.2411],
		[  21.6850,   5.3735,1081.2410, -21.6850,  -5.3735,-275.2138],
		[  21.6850,   5.3735, 275.2138, -21.6850,  -5.3735, 530.8112],
		[   1,  11.2304,  30.6970,1828.8298],
		[   5, -11.2304,  19.3131, 530.8112]
	],
	"loadCase  2": [
		[  -0.7804,   5.5412, 311.9442,   0.7804,  -5.5412, 519.2354],
		[  -0.7804,   5.5412, 440.7645,   0.7804,  -5.5412, 390.4151],
		[  -5.5381,   0.8023, 159.5849,   5.5381,  -0.8023, -39.2354],
		[  -5.5381,   0.8023,  39.2354,   5.5381,  -0.8023,  81.1138],
		[   1,  -0.7804,   5.5412, 311.9442],
		[   5,   0.7804,  -5.5412,  81.1138]
	]
}
